<?xml version="1.0" encoding="UTF-8"?>
<assignment identifier="gfb3e3296d38200e17d6715a240993ff9" xmlns="http://canvas.instructure.com/xsd/cccv1p0" xmlns:xsi="http://www.w3.org/2001/XMLSchema-instance" xsi:schemaLocation="http://canvas.instructure.com/xsd/cccv1p0 https://canvas.instructure.com/xsd/cccv1p0.xsd">
  <title>Rize Was here</title>
  <due_at>2024-01-16T04:59:00</due_at>
  <lock_at/>
  <unlock_at/>
  <module_locked>false</module_locked>
  <all_day_date>2024-01-15</all_day_date>
  <assignment_group_identifierref>gc327080cb5d3a6fd38efd7b4f4b0b824</assignment_group_identifierref>
  <workflow_state>published</workflow_state>
  <assignment_overrides>
  </assignment_overrides>
  <allowed_extensions></allowed_extensions>
  <has_group_category>false</has_group_category>
  <points_possible>10.0</points_possible>
  <grading_type>points</grading_type>
  <all_day>true</all_day>
  <submission_types>none</submission_types>
  <position>4</position>
  <turnitin_enabled>false</turnitin_enabled>
  <vericite_enabled>false</vericite_enabled>
  <peer_review_count>0</peer_review_count>
  <peer_reviews>false</peer_reviews>
  <automatic_peer_reviews>false</automatic_peer_reviews>
  <anonymous_peer_reviews>false</anonymous_peer_reviews>
  <grade_group_students_individually>false</grade_group_students_individually>
  <freeze_on_copy>false</freeze_on_copy>
  <omit_from_final_grade>false</omit_from_final_grade>
  <hide_in_gradebook>false</hide_in_gradebook>
  <intra_group_peer_reviews>false</intra_group_peer_reviews>
  <only_visible_to_overrides>false</only_visible_to_overrides>
  <post_to_sis>false</post_to_sis>
  <moderated_grading>false</moderated_grading>
  <grader_count>0</grader_count>
  <grader_comments_visible_to_graders>true</grader_comments_visible_to_graders>
  <anonymous_grading>false</anonymous_grading>
  <graders_anonymous_to_graders>false</graders_anonymous_to_graders>
  <grader_names_visible_to_final_grader>true</grader_names_visible_to_final_grader>
  <anonymous_instructor_annotations>false</anonymous_instructor_annotations>
  <post_policy>
    <post_manually>false</post_manually>
  </post_policy>
  <line_items>
    <line_item>
      <coupled>false</coupled>
      <tag>42</tag>
      <resource_id>343</resource_id>
      <client_id>17700000000000253</client_id>
    </line_item>
  </line_items>
</assignment>
