<?xml version="1.0" encoding="UTF-8"?>
<topicMeta identifier="g1151ee4dc7dd223d7aaf675dda5af65b" xmlns="http://canvas.instructure.com/xsd/cccv1p0" xmlns:xsi="http://www.w3.org/2001/XMLSchema-instance" xsi:schemaLocation="http://canvas.instructure.com/xsd/cccv1p0 https://canvas.instructure.com/xsd/cccv1p0.xsd">
  <topic_id>gcc7b6878925aef57191069f1575e5b2a</topic_id>
  <title>Topic Title Was Here</title>
  <position/>
  <type>topic</type>
  <discussion_type>side_comment</discussion_type>
  <has_group_category>false</has_group_category>
  <workflow_state>active</workflow_state>
  <module_locked>false</module_locked>
  <allow_rating>false</allow_rating>
  <only_graders_can_rate>false</only_graders_can_rate>
  <sort_by_rating>false</sort_by_rating>
  <todo_date/>
</topicMeta>
