<?xml version="1.0" encoding="UTF-8"?>
<topicMeta identifier="g1810a1bf5ef7f3c460032fd2e4ddeaa8" xmlns="http://canvas.instructure.com/xsd/cccv1p0" xmlns:xsi="http://www.w3.org/2001/XMLSchema-instance" xsi:schemaLocation="http://canvas.instructure.com/xsd/cccv1p0 https://canvas.instructure.com/xsd/cccv1p0.xsd">
  <topic_id>ge9e0a5644c119a25928ba2cfcf71c62b</topic_id>
  <title>Why Program?</title>
  <position/>
  <type>topic</type>
  <discussion_type>side_comment</discussion_type>
  <has_group_category>false</has_group_category>
  <workflow_state>active</workflow_state>
  <module_locked>false</module_locked>
  <allow_rating>false</allow_rating>
  <only_graders_can_rate>false</only_graders_can_rate>
  <sort_by_rating>false</sort_by_rating>
  <todo_date/>
</topicMeta>
