<?xml version="1.0" encoding="UTF-8"?>
<cartridge_basiclti_link xmlns="http://www.imsglobal.org/xsd/imslticc_v1p0" xmlns:blti="http://www.imsglobal.org/xsd/imsbasiclti_v1p0" xmlns:lticm="http://www.imsglobal.org/xsd/imslticm_v1p0" xmlns:lticp="http://www.imsglobal.org/xsd/imslticp_v1p0" xmlns:xsi="http://www.w3.org/2001/XMLSchema-instance" xsi:schemaLocation="http://www.imsglobal.org/xsd/imslticc_v1p0 http://www.imsglobal.org/xsd/lti/ltiv1p0/imslticc_v1p0.xsd&#10;                          http://www.imsglobal.org/xsd/imsbasiclti_v1p0 http://www.imsglobal.org/xsd/lti/ltiv1p0/imsbasiclti_v1p0p1.xsd&#10;                          http://www.imsglobal.org/xsd/imslticm_v1p0 http://www.imsglobal.org/xsd/lti/ltiv1p0/imslticm_v1p0.xsd&#10;                          http://www.imsglobal.org/xsd/imslticp_v1p0 http://www.imsglobal.org/xsd/lti/ltiv1p0/imslticp_v1p0.xsd">
  <blti:title>Discussion: HyperText Markup Language (HTML)</blti:title>
  <blti:description>Discussion: HyperText Markup Language (HTML)</blti:description>
  <blti:launch_url>http://localhost:8888/dj4e/mod/tdiscus/?inherit=discuss_03_html</blti:launch_url>
  <blti:vendor>
    <lticp:code>unknown</lticp:code>
    <lticp:name>unknown</lticp:name>
  </blti:vendor>
  <blti:custom>
    <lticm:property name="caliper_url">$Caliper.url</lticm:property>
  </blti:custom>
  <blti:extensions platform="canvas.instructure.com">
    <lticm:property name="privacy_level">name_only</lticm:property>
    <lticm:property name="lti_version">1.1</lticm:property>
    <lticm:property name="canvas_caliper_url">$Caliper.url</lticm:property>
  </blti:extensions>
  <blti:extensions platform="www.tsugi.org">
    <lticm:property name="apphome">http://localhost:8888/dj4e</lticm:property>
  </blti:extensions>
</cartridge_basiclti_link>
