<?xml version="1.0" encoding="UTF-8"?>
<cartridge_basiclti_link xmlns="http://www.imsglobal.org/xsd/imslticc_v1p0" xmlns:blti="http://www.imsglobal.org/xsd/imsbasiclti_v1p0" xmlns:lticm="http://www.imsglobal.org/xsd/imslticm_v1p0" xmlns:lticp="http://www.imsglobal.org/xsd/imslticp_v1p0" xmlns:xsi="http://www.w3.org/2001/XMLSchema-instance" xsi:schemaLocation="http://www.imsglobal.org/xsd/imslticc_v1p0 http://www.imsglobal.org/xsd/lti/ltiv1p0/imslticc_v1p0.xsd&#10;                          http://www.imsglobal.org/xsd/imsbasiclti_v1p0 http://www.imsglobal.org/xsd/lti/ltiv1p0/imsbasiclti_v1p0p1.xsd&#10;                          http://www.imsglobal.org/xsd/imslticm_v1p0 http://www.imsglobal.org/xsd/lti/ltiv1p0/imslticm_v1p0.xsd&#10;                          http://www.imsglobal.org/xsd/imslticp_v1p0 http://www.imsglobal.org/xsd/lti/ltiv1p0/imslticp_v1p0.xsd">
  <blti:title>SakaiPlus@UMSI</blti:title>
  <blti:description>Open source LMS and tools available for integration into your LMS.</blti:description>
  <blti:secure_launch_url>https://sakai.si.umich.edu/plus/sakai/oidc_launch</blti:secure_launch_url>
  <blti:icon>https://sakai.si.umich.edu/library/skin/morpheus-default/images/logo-jewel-square.png</blti:icon>
  <blti:vendor>
    <lticp:code>unknown</lticp:code>
    <lticp:name>unknown</lticp:name>
  </blti:vendor>
  <blti:custom>
    <lticm:property name="courseId">$Canvas.course.id</lticm:property>
    <lticm:property name="termName">$Canvas.term.name</lticm:property>
    <lticm:property name="timezone">$Person.address.timezone</lticm:property>
    <lticm:property name="termStart">$Canvas.term.startAt</lticm:property>
    <lticm:property name="courseName">$Canvas.course.name</lticm:property>
    <lticm:property name="sectionIds">$Canvas.course.sectionIds</lticm:property>
    <lticm:property name="prevCourses">$Canvas.course.previousCourseIds</lticm:property>
    <lticm:property name="availableEnd">$ResourceLink.available.endDateTime</lticm:property>
    <lticm:property name="prevContexts">$Canvas.course.previousContextIds</lticm:property>
    <lticm:property name="sourceUserId">$Person.sourcedId</lticm:property>
    <lticm:property name="userPronouns">$com.instructure.Person.pronouns</lticm:property>
    <lticm:property name="submissionEnd">$ResourceLink.submission.endDateTime</lticm:property>
    <lticm:property name="availableStart">$ResourceLink.available.startDateTime</lticm:property>
    <lticm:property name="pointsPossible">$Canvas.assignment.pointsPossible</lticm:property>
    <lticm:property name="submissionStart">$ResourceLink.submission.startDateTime</lticm:property>
    <lticm:property name="userDisplayName">$Person.name.display</lticm:property>
    <lticm:property name="anonymousGrading">$com.instructure.Assignment.anonymous_grading</lticm:property>
    <lticm:property name="assignmentLockAt">$Canvas.assignment.lockAt.iso8601</lticm:property>
    <lticm:property name="canvas_course_id">$Canvas.course.id</lticm:property>
    <lticm:property name="canvas_module_id">$Canvas.module.id</lticm:property>
    <lticm:property name="canvas_api_domain">$Canvas.api.domain</lticm:property>
    <lticm:property name="localAssignmentId">$Canvas.assignment.id</lticm:property>
    <lticm:property name="assignmentUnlockAt">$Canvas.assignment.unlockAt.iso8601</lticm:property>
    <lticm:property name="canvas_caliper_url">$Caliper.url</lticm:property>
    <lticm:property name="context_id_history">$Context.id.history</lticm:property>
    <lticm:property name="ltiGroupContextIds">$Membership.course.groupIds</lticm:property>
    <lticm:property name="toolContextLinkUrl">$Canvas.externalTool.url</lticm:property>
    <lticm:property name="canvas_assignment_id">$Canvas.assignment.id</lticm:property>
    <lticm:property name="canvas_module_item_id">$Canvas.moduleItem.id</lticm:property>
    <lticm:property name="resourcelink_id_history">$ResourceLink.id.history</lticm:property>
  </blti:custom>
  <blti:extensions platform="canvas.instructure.com">
    <lticm:property name="tool_id">80827224-accc-469f-b197-dc3911f20a12</lticm:property>
    <lticm:property name="privacy_level">public</lticm:property>
    <lticm:property name="domain">sakai.si.umich.edu</lticm:property>
    <lticm:property name="lti_version">1.3</lticm:property>
    <lticm:property name="selection_width">800</lticm:property>
    <lticm:property name="selection_height">800</lticm:property>
    <lticm:property name="client_id">17700000000000253</lticm:property>
    <lticm:property name="icon_url">https://sakai.si.umich.edu/library/skin/morpheus-default/images/logo-jewel-square.png</lticm:property>
    <lticm:property name="selection_width">800</lticm:property>
    <lticm:property name="selection_height">800</lticm:property>
    <lticm:options name="assignment_selection">
      <lticm:property name="text">SakaiPlus@UMSI</lticm:property>
      <lticm:property name="enabled">true</lticm:property>
      <lticm:property name="icon_url">https://sakai.si.umich.edu/library/skin/morpheus-default/images/logo-jewel-square.png</lticm:property>
      <lticm:property name="placement">assignment_selection</lticm:property>
      <lticm:property name="message_type">LtiDeepLinkingRequest</lticm:property>
      <lticm:property name="selection_width">800</lticm:property>
      <lticm:property name="target_link_uri">https://sakai.si.umich.edu/plus/sakai/deep.link?placement=assignment_selection</lticm:property>
      <lticm:property name="selection_height">800</lticm:property>
    </lticm:options>
    <lticm:options name="course_navigation">
      <lticm:property name="text">SakaiPlus@UMSI</lticm:property>
      <lticm:property name="enabled">true</lticm:property>
      <lticm:property name="icon_url">https://sakai.si.umich.edu/library/skin/morpheus-default/images/logo-jewel-square.png</lticm:property>
      <lticm:property name="placement">course_navigation</lticm:property>
      <lticm:property name="message_type">LtiResourceLinkRequest</lticm:property>
      <lticm:property name="windowTarget">_blank</lticm:property>
      <lticm:property name="target_link_uri">https://sakai.si.umich.edu/plus/sakai/sakai.site</lticm:property>
    </lticm:options>
    <lticm:options name="link_selection">
      <lticm:property name="text">SakaiPlus@UMSI</lticm:property>
      <lticm:property name="enabled">true</lticm:property>
      <lticm:property name="icon_url">https://sakai.si.umich.edu/library/skin/morpheus-default/images/logo-jewel-square.png</lticm:property>
      <lticm:property name="placement">link_selection</lticm:property>
      <lticm:property name="message_type">LtiDeepLinkingRequest</lticm:property>
      <lticm:property name="selection_width">800</lticm:property>
      <lticm:property name="target_link_uri">https://sakai.si.umich.edu/plus/sakai/deep.link?placement=link_selection</lticm:property>
      <lticm:property name="selection_height">800</lticm:property>
    </lticm:options>
    <lticm:options name="editor_button">
      <lticm:property name="text">SakaiPlus@UMSI</lticm:property>
      <lticm:property name="enabled">true</lticm:property>
      <lticm:property name="icon_url">https://sakai.si.umich.edu/library/skin/morpheus-default/images/logo-jewel-square.png</lticm:property>
      <lticm:property name="placement">editor_button</lticm:property>
      <lticm:property name="message_type">LtiDeepLinkingRequest</lticm:property>
      <lticm:property name="selection_width">800</lticm:property>
      <lticm:property name="target_link_uri">https://sakai.si.umich.edu/plus/sakai/deep.link?placement=editor_button</lticm:property>
      <lticm:property name="selection_height">800</lticm:property>
    </lticm:options>
  </blti:extensions>
</cartridge_basiclti_link>
