<?xml version="1.0" encoding="UTF-8"?>
<manifest identifier="gb318c4ae241c3b6891d0efaeec116296" xmlns="http://www.imsglobal.org/xsd/imsccv1p1/imscp_v1p1" xmlns:lom="http://ltsc.ieee.org/xsd/imsccv1p1/LOM/resource" xmlns:lomimscc="http://ltsc.ieee.org/xsd/imsccv1p1/LOM/manifest" xmlns:xsi="http://www.w3.org/2001/XMLSchema-instance" xsi:schemaLocation="http://www.imsglobal.org/xsd/imsccv1p1/imscp_v1p1 http://www.imsglobal.org/profile/cc/ccv1p1/ccv1p1_imscp_v1p2_v1p0.xsd http://ltsc.ieee.org/xsd/imsccv1p1/LOM/resource http://www.imsglobal.org/profile/cc/ccv1p1/LOM/ccv1p1_lomresource_v1p0.xsd http://ltsc.ieee.org/xsd/imsccv1p1/LOM/manifest http://www.imsglobal.org/profile/cc/ccv1p1/LOM/ccv1p1_lommanifest_v1p0.xsd">
  <metadata>
    <schema>IMS Common Cartridge</schema>
    <schemaversion>1.1.0</schemaversion>
    <lomimscc:lom>
      <lomimscc:general>
        <lomimscc:title>
          <lomimscc:string>Charles R Severance's Practice Course</lomimscc:string>
        </lomimscc:title>
      </lomimscc:general>
      <lomimscc:lifeCycle>
        <lomimscc:contribute>
          <lomimscc:date>
            <lomimscc:dateTime>2024-11-27</lomimscc:dateTime>
          </lomimscc:date>
        </lomimscc:contribute>
      </lomimscc:lifeCycle>
      <lomimscc:rights>
        <lomimscc:copyrightAndOtherRestrictions>
          <lomimscc:value>yes</lomimscc:value>
        </lomimscc:copyrightAndOtherRestrictions>
        <lomimscc:description>
          <lomimscc:string>Private (Copyrighted) - http://en.wikipedia.org/wiki/Copyright</lomimscc:string>
        </lomimscc:description>
      </lomimscc:rights>
    </lomimscc:lom>
  </metadata>
  <organizations>
    <organization identifier="org_1" structure="rooted-hierarchy">
      <item identifier="LearningModules">
        <item identifier="g51c80f3cf670dd5b8e575aa22b40ab8f">
          <title>Installing Python</title>
          <item identifier="ga42525b8ed7ebdc30769de561ec8c129" identifierref="gd388d84b00ae359c607a3cd117d4db31">
            <title>Assignment: Installing Python</title>
          </item>
          <item identifier="g15c1f11c646fd0fd467bda3b9f2532aa" identifierref="gf0930a5b12019b69d9e2d44430eefe88">
            <title>Reference: Setting up a Python Environment in Macintosh</title>
          </item>
          <item identifier="g93898e3d071d4b6934c3cbc6c459ea7d" identifierref="g82a61ee4ed9fde62b4418f17d9b8d638">
            <title>Reference: Recommended Programming Text Editors</title>
          </item>
          <item identifier="g077e2f97579620477aa43ded88f06c93">
            <title>I am a text header</title>
          </item>
          <item identifier="gc4b7a4d61aa669b102107679fc990957" identifierref="g759659702e2eebc72d494ab4e69489fc">
            <title>Tool: Peer Graded: Installation Screen Shots</title>
          </item>
        </item>
        <item identifier="g562ac8fae166f85ab5989c5a427ee20d">
          <title>Discussion Module</title>
          <item identifier="g98bc0cfbb38b715ea6f539f207c6faf4" identifierref="gcc7b6878925aef57191069f1575e5b2a">
            <title>Topic Title Was Here</title>
          </item>
        </item>
        <item identifier="g0c693e9ccf13797b429a31ab4fe8579b">
          <title>YouTube Test</title>
          <item identifier="g5e484620ade75f18d5c1c9419ad0af4d" identifierref="g626a8b16c6c18a4aceec24abd7a586a5">
            <title>YouTube</title>
          </item>
        </item>
      </item>
    </organization>
  </organizations>
  <resources>
    <resource identifier="g5d51089383699fa7bcf3f5c9b81c857d" type="associatedcontent/imscc_xmlv1p1/learning-application-resource" href="course_settings/canvas_export.txt">
      <file href="course_settings/course_settings.xml"/>
      <file href="course_settings/module_meta.xml"/>
      <file href="course_settings/assignment_groups.xml"/>
      <file href="course_settings/files_meta.xml"/>
      <file href="course_settings/context.xml"/>
      <file href="course_settings/media_tracks.xml"/>
      <file href="course_settings/canvas_export.txt"/>
    </resource>
    <resource identifier="g88e7be25c0a192dc9d027b3c2a6d7820" type="webcontent" href="wiki_content/super-cool-title.html">
      <file href="wiki_content/super-cool-title.html"/>
    </resource>
    <resource identifier="ged6356d43054f6aa9073a7f63cdf87fd" type="webcontent" href="wiki_content/yet-another-page-with-a-different-title.html">
      <file href="wiki_content/yet-another-page-with-a-different-title.html"/>
    </resource>
    <resource identifier="gb77311dbfbd1e0baf8011067bcd120da" type="webcontent" href="wiki_content/yet-an-adrian-page.html">
      <file href="wiki_content/yet-an-adrian-page.html"/>
    </resource>
    <resource identifier="g8dc019d70da4a1e83f384c808ed6b012" type="webcontent" href="wiki_content/dr-chucks-practice-canvas-course.html">
      <file href="wiki_content/dr-chucks-practice-canvas-course.html"/>
    </resource>
    <resource identifier="g8d04fd2c384e1f233cfbeea541c0a3c5" type="associatedcontent/imscc_xmlv1p1/learning-application-resource" href="g8d04fd2c384e1f233cfbeea541c0a3c5/autograder-exercise-4-dot-6.html">
      <file href="g8d04fd2c384e1f233cfbeea541c0a3c5/autograder-exercise-4-dot-6.html"/>
      <file href="g8d04fd2c384e1f233cfbeea541c0a3c5/assignment_settings.xml"/>
    </resource>
    <resource identifier="ge957f37d20b23b9d69c1c871a3f48436" type="associatedcontent/imscc_xmlv1p1/learning-application-resource" href="ge957f37d20b23b9d69c1c871a3f48436/peer-graded-cascading-style-sheets-css.html">
      <file href="ge957f37d20b23b9d69c1c871a3f48436/peer-graded-cascading-style-sheets-css.html"/>
      <file href="ge957f37d20b23b9d69c1c871a3f48436/assignment_settings.xml"/>
    </resource>
    <resource identifier="g711b85cc19f0cf4dc93b372c7b4ea4af" type="associatedcontent/imscc_xmlv1p1/learning-application-resource" href="g711b85cc19f0cf4dc93b372c7b4ea4af/peer-graded-project-revision.html">
      <file href="g711b85cc19f0cf4dc93b372c7b4ea4af/peer-graded-project-revision.html"/>
      <file href="g711b85cc19f0cf4dc93b372c7b4ea4af/assignment_settings.xml"/>
    </resource>
    <resource identifier="g09174f80d52d9c91944c9686f786bb66" type="associatedcontent/imscc_xmlv1p1/learning-application-resource" href="g09174f80d52d9c91944c9686f786bb66/quiz-css.html">
      <file href="g09174f80d52d9c91944c9686f786bb66/quiz-css.html"/>
      <file href="g09174f80d52d9c91944c9686f786bb66/assignment_settings.xml"/>
    </resource>
    <resource identifier="gc181961a3089961764d7def472922b41" type="associatedcontent/imscc_xmlv1p1/learning-application-resource" href="gc181961a3089961764d7def472922b41/quiz-functions.html">
      <file href="gc181961a3089961764d7def472922b41/quiz-functions.html"/>
      <file href="gc181961a3089961764d7def472922b41/assignment_settings.xml"/>
    </resource>
    <resource identifier="g03999acd63d4ee8aa51844a916c8bc2b" type="associatedcontent/imscc_xmlv1p1/learning-application-resource" href="g03999acd63d4ee8aa51844a916c8bc2b/quiz-history-slash-introduction.html">
      <file href="g03999acd63d4ee8aa51844a916c8bc2b/quiz-history-slash-introduction.html"/>
      <file href="g03999acd63d4ee8aa51844a916c8bc2b/assignment_settings.xml"/>
    </resource>
    <resource identifier="gfb3e3296d38200e17d6715a240993ff9" type="associatedcontent/imscc_xmlv1p1/learning-application-resource" href="gfb3e3296d38200e17d6715a240993ff9/rize-was-here.html">
      <file href="gfb3e3296d38200e17d6715a240993ff9/rize-was-here.html"/>
      <file href="gfb3e3296d38200e17d6715a240993ff9/assignment_settings.xml"/>
    </resource>
    <resource identifier="g759659702e2eebc72d494ab4e69489fc" type="associatedcontent/imscc_xmlv1p1/learning-application-resource" href="g759659702e2eebc72d494ab4e69489fc/tool-peer-graded-installation-screen-shots.html">
      <file href="g759659702e2eebc72d494ab4e69489fc/tool-peer-graded-installation-screen-shots.html"/>
      <file href="g759659702e2eebc72d494ab4e69489fc/assignment_settings.xml"/>
    </resource>
    <resource identifier="gc461a0f5953a6a7c9342d8c93201027c" type="associatedcontent/imscc_xmlv1p1/learning-application-resource" href="gc461a0f5953a6a7c9342d8c93201027c/week-1-required-viewing.html">
      <file href="gc461a0f5953a6a7c9342d8c93201027c/week-1-required-viewing.html"/>
      <file href="gc461a0f5953a6a7c9342d8c93201027c/assignment_settings.xml"/>
    </resource>
    <resource identifier="gcc7b6878925aef57191069f1575e5b2a" type="imsdt_xmlv1p1">
      <file href="gcc7b6878925aef57191069f1575e5b2a.xml"/>
      <dependency identifierref="g1151ee4dc7dd223d7aaf675dda5af65b"/>
    </resource>
    <resource identifier="g1151ee4dc7dd223d7aaf675dda5af65b" type="associatedcontent/imscc_xmlv1p1/learning-application-resource" href="g1151ee4dc7dd223d7aaf675dda5af65b.xml">
      <file href="g1151ee4dc7dd223d7aaf675dda5af65b.xml"/>
    </resource>
    <resource identifier="ge9e0a5644c119a25928ba2cfcf71c62b" type="imsdt_xmlv1p1">
      <file href="ge9e0a5644c119a25928ba2cfcf71c62b.xml"/>
      <dependency identifierref="g1810a1bf5ef7f3c460032fd2e4ddeaa8"/>
    </resource>
    <resource identifier="g1810a1bf5ef7f3c460032fd2e4ddeaa8" type="associatedcontent/imscc_xmlv1p1/learning-application-resource" href="g1810a1bf5ef7f3c460032fd2e4ddeaa8.xml">
      <file href="g1810a1bf5ef7f3c460032fd2e4ddeaa8.xml"/>
    </resource>
    <resource identifier="gd388d84b00ae359c607a3cd117d4db31" type="imswl_xmlv1p1">
      <file href="gd388d84b00ae359c607a3cd117d4db31.xml"/>
    </resource>
    <resource identifier="gf0930a5b12019b69d9e2d44430eefe88" type="imswl_xmlv1p1">
      <file href="gf0930a5b12019b69d9e2d44430eefe88.xml"/>
    </resource>
    <resource identifier="g82a61ee4ed9fde62b4418f17d9b8d638" type="imswl_xmlv1p1">
      <file href="g82a61ee4ed9fde62b4418f17d9b8d638.xml"/>
    </resource>
    <resource type="webcontent" identifier="gfa108bb62dc9fb144b9e51d97a8e8ba5" href="web_resources/1980-06-03-pascal-compiler.jpg">
      <file href="web_resources/1980-06-03-pascal-compiler.jpg"/>
    </resource>
    <resource identifier="g9cddb8daa3e91ea920ffec312627c6a5" type="imsbasiclti_xmlv1p0">
      <file href="g9cddb8daa3e91ea920ffec312627c6a5.xml"/>
    </resource>
    <resource identifier="g27959a97f82a4b89f86519085b784f45" type="imsbasiclti_xmlv1p0">
      <file href="g27959a97f82a4b89f86519085b784f45.xml"/>
    </resource>
    <resource identifier="gb7d7fc8aec1d0f21027f57ffee26e319" type="imsbasiclti_xmlv1p0">
      <file href="gb7d7fc8aec1d0f21027f57ffee26e319.xml"/>
    </resource>
    <resource identifier="gd042556792e1c202b4571c467d1e5eea" type="imsbasiclti_xmlv1p0">
      <file href="gd042556792e1c202b4571c467d1e5eea.xml"/>
    </resource>
    <resource identifier="g7b389bc0f71d634339366ac08dd55f0e" type="imsbasiclti_xmlv1p0">
      <file href="g7b389bc0f71d634339366ac08dd55f0e.xml"/>
    </resource>
    <resource identifier="gd8a3cb0ab7b380935966704bb66361b7" type="imsbasiclti_xmlv1p0">
      <file href="gd8a3cb0ab7b380935966704bb66361b7.xml"/>
    </resource>
    <resource identifier="gbff969418a5cba066bd2b99d2682be3d" type="imsbasiclti_xmlv1p0">
      <file href="gbff969418a5cba066bd2b99d2682be3d.xml"/>
    </resource>
    <resource identifier="g09e7de4991b935c537a6172ed0e286ff" type="imsbasiclti_xmlv1p0">
      <file href="g09e7de4991b935c537a6172ed0e286ff.xml"/>
    </resource>
  </resources>
</manifest>
