<?xml version="1.0" encoding="UTF-8"?>
<assignmentGroups xmlns="http://canvas.instructure.com/xsd/cccv1p0" xmlns:xsi="http://www.w3.org/2001/XMLSchema-instance" xsi:schemaLocation="http://canvas.instructure.com/xsd/cccv1p0 https://canvas.instructure.com/xsd/cccv1p0.xsd">
  <assignmentGroup identifier="gc327080cb5d3a6fd38efd7b4f4b0b824">
    <title>Assignments</title>
    <position>1</position>
    <group_weight>0.0</group_weight>
  </assignmentGroup>
  <assignmentGroup identifier="gcfbf81f53a90b97252358d6a2da4d3b1">
    <title>Imported Assignments</title>
    <position>2</position>
    <group_weight>0.0</group_weight>
  </assignmentGroup>
  <assignmentGroup identifier="g9e5ee7f6dea1e75783050d98aeb84f83">
    <title>Required Viewing</title>
    <position>3</position>
    <group_weight>0.0</group_weight>
  </assignmentGroup>
</assignmentGroups>
