<?xml version="1.0" encoding="UTF-8"?>
<context_info xmlns="http://canvas.instructure.com/xsd/cccv1p0" xmlns:xsi="http://www.w3.org/2001/XMLSchema-instance" xsi:schemaLocation="http://canvas.instructure.com/xsd/cccv1p0 https://canvas.instructure.com/xsd/cccv1p0.xsd">
  <course_id>431561</course_id>
  <course_name>Charles R Severance's Practice Course</course_name>
  <root_account_id>17700000000000001</root_account_id>
  <root_account_name>University of Michigan - Ann Arbor</root_account_name>
  <root_account_uuid>PjoV3mo0tVUzLNhnLiobBJ2ZVi1d2Vjkupp9D5Zf</root_account_uuid>
  <canvas_domain>umich.instructure.com</canvas_domain>
</context_info>
