<?xml version="1.0" encoding="UTF-8"?>
<course identifier="g5d51089383699fa7bcf3f5c9b81c857d" xmlns="http://canvas.instructure.com/xsd/cccv1p0" xmlns:xsi="http://www.w3.org/2001/XMLSchema-instance" xsi:schemaLocation="http://canvas.instructure.com/xsd/cccv1p0 https://canvas.instructure.com/xsd/cccv1p0.xsd">
  <title>Charles R Severance's Practice Course</title>
  <course_code>csev's Practice Course</course_code>
  <start_at/>
  <conclude_at/>
  <tab_configuration>[{"id":0},{"id":14},{"id":"context_external_tool_gbff969418a5cba066bd2b99d2682be3d"},{"id":5},{"id":3},{"id":8},{"id":6},{"id":2},{"id":11},{"id":1},{"id":15},{"id":18},{"id":4},{"id":10},{"id":12},{"id":16},{"id":"context_external_tool_gc9b96177a17a95a69efe83dcf2107d02"},{"id":"context_external_tool_g7cc6860c3e0d5040b1fdbd84f250a9e6"},{"id":"context_external_tool_g4dd2c798263f27d4e063f457b329395d"},{"id":"context_external_tool_gee00d3dc60d1dd38e456c6f538959db5"},{"id":"context_external_tool_37063"},{"id":"context_external_tool_gc664432981e5caed631bae9e32eda5b8"},{"id":"context_external_tool_g9b138dad7451501cabe231712e0c6e19"},{"id":"context_external_tool_ge1b1a49dfd11150f63a59ca26d386eff","hidden":true},{"id":"context_external_tool_gf359780a56a1dc7d1cbe97c048a570a5","hidden":true},{"id":"context_external_tool_ge0f6df96cde8b1a9f9ebc74b3b5110b2","hidden":true},{"id":"context_external_tool_gfd9693f1a8b41b1a26081075c4575a85","hidden":true},{"id":"context_external_tool_2983","hidden":true},{"id":"context_external_tool_g72b218891880b1cb8d49d65a515e9105","hidden":true},{"id":"context_external_tool_4174","hidden":true},{"id":"context_external_tool_gdb604b34aa5936acc7f04f2a645fc81e","hidden":true},{"id":"context_external_tool_g62f102f636ecc42fb259548b76ee41ef","hidden":true},{"id":"context_external_tool_gd5cb9cc610730acce868be7b834f7569","hidden":true},{"id":"context_external_tool_g2619c015e2ac5a0d0bf50fa29d004e6d","hidden":true},{"id":"context_external_tool_g738803a3b2455d9f068c0d099a657799","hidden":true},{"id":"context_external_tool_gd1568df28d7c1f5b61946f3dab9cffc4","hidden":true},{"id":"context_external_tool_ge604a8d083b5a4c84f8596ac0bd3a08e","hidden":true},{"id":"context_external_tool_g46411e7ded980b6f5a34c19de7a42d62","hidden":true},{"id":"context_external_tool_21257","hidden":true},{"id":"context_external_tool_g5d82f83bc0718cfc37d3315860fff141","hidden":true},{"id":"context_external_tool_g1ce00b6006ecec190b51c81f09aa0869","hidden":true},{"id":"context_external_tool_g0f41145095d014980c2395068cda17c5","hidden":true},{"id":"context_external_tool_gb8e0d0d80804976b74d0d11d708e1f65","hidden":true},{"id":"context_external_tool_g4bde559118dcbfffd3e78a9fd5c55efe","hidden":true},{"id":"context_external_tool_gf1856a63d476a0984fac6af78a4a93e9","hidden":true},{"id":"context_external_tool_43486","hidden":true},{"id":"context_external_tool_gc076a5769eb2068a163fccbadf0c78a7","hidden":true},{"id":"context_external_tool_g2276cb1104985ed4d78ec9b3d60fd066","hidden":true},{"id":"context_external_tool_45813","hidden":true},{"id":"context_external_tool_gec762aa1c646e7b30ea0a593a2b41cc2","hidden":true},{"id":"context_external_tool_g3bdfbfb2a429509707248b82b28c9aaa","hidden":true}]</tab_configuration>
  <allow_student_wiki_edits>false</allow_student_wiki_edits>
  <lock_all_announcements>false</lock_all_announcements>
  <allow_student_organized_groups>true</allow_student_organized_groups>
  <default_view>wiki</default_view>
  <usage_rights_required>false</usage_rights_required>
  <restrict_student_future_view>false</restrict_student_future_view>
  <restrict_student_past_view>false</restrict_student_past_view>
  <homeroom_course>false</homeroom_course>
  <grading_standard_enabled>false</grading_standard_enabled>
  <storage_quota>12582912000</storage_quota>
  <overridden_course_visibility/>
  <root_account_uuid>PjoV3mo0tVUzLNhnLiobBJ2ZVi1d2Vjkupp9D5Zf</root_account_uuid>
  <default_post_policy>
    <post_manually>false</post_manually>
  </default_post_policy>
  <allow_final_grade_override>false</allow_final_grade_override>
</course>
