<?xml version="1.0" encoding="UTF-8"?>
<modules xmlns="http://canvas.instructure.com/xsd/cccv1p0" xmlns:xsi="http://www.w3.org/2001/XMLSchema-instance" xsi:schemaLocation="http://canvas.instructure.com/xsd/cccv1p0 https://canvas.instructure.com/xsd/cccv1p0.xsd">
  <module identifier="g51c80f3cf670dd5b8e575aa22b40ab8f">
    <title>Installing Python</title>
    <workflow_state>active</workflow_state>
    <position>1</position>
    <locked>false</locked>
    <items>
      <item identifier="ga42525b8ed7ebdc30769de561ec8c129">
        <content_type>ExternalUrl</content_type>
        <workflow_state>active</workflow_state>
        <title>Assignment: Installing Python</title>
        <identifierref>ga42525b8ed7ebdc30769de561ec8c129</identifierref>
        <url>https://umsi.py4e.com/install.php</url>
        <position>1</position>
        <new_tab>true</new_tab>
        <indent>0</indent>
        <link_settings_json>null</link_settings_json>
      </item>
      <item identifier="g15c1f11c646fd0fd467bda3b9f2532aa">
        <content_type>ExternalUrl</content_type>
        <workflow_state>active</workflow_state>
        <title>Reference: Setting up a Python Environment in Macintosh</title>
        <identifierref>g15c1f11c646fd0fd467bda3b9f2532aa</identifierref>
        <url>https://umsi.py4e.com/software-mac.php</url>
        <position>4</position>
        <new_tab/>
        <indent>0</indent>
        <link_settings_json>null</link_settings_json>
      </item>
      <item identifier="g93898e3d071d4b6934c3cbc6c459ea7d">
        <content_type>ExternalUrl</content_type>
        <workflow_state>active</workflow_state>
        <title>Reference: Recommended Programming Text Editors</title>
        <identifierref>g93898e3d071d4b6934c3cbc6c459ea7d</identifierref>
        <url>https://umsi.py4e.com/editors.php</url>
        <position>5</position>
        <new_tab/>
        <indent>0</indent>
        <link_settings_json>null</link_settings_json>
      </item>
      <item identifier="g077e2f97579620477aa43ded88f06c93">
        <content_type>ContextModuleSubHeader</content_type>
        <workflow_state>active</workflow_state>
        <title>I am a text header</title>
        <position>6</position>
        <new_tab/>
        <indent>0</indent>
        <link_settings_json>null</link_settings_json>
      </item>
      <item identifier="gc4b7a4d61aa669b102107679fc990957">
        <content_type>Assignment</content_type>
        <workflow_state>active</workflow_state>
        <title>Tool: Peer Graded: Installation Screen Shots</title>
        <identifierref>g759659702e2eebc72d494ab4e69489fc</identifierref>
        <position>7</position>
        <new_tab/>
        <indent>0</indent>
        <link_settings_json>null</link_settings_json>
      </item>
    </items>
  </module>
  <module identifier="g562ac8fae166f85ab5989c5a427ee20d">
    <title>Discussion Module</title>
    <workflow_state>active</workflow_state>
    <position>2</position>
    <require_sequential_progress>false</require_sequential_progress>
    <locked>false</locked>
    <items>
      <item identifier="g98bc0cfbb38b715ea6f539f207c6faf4">
        <content_type>DiscussionTopic</content_type>
        <workflow_state>active</workflow_state>
        <title>Topic Title Was Here</title>
        <identifierref>gcc7b6878925aef57191069f1575e5b2a</identifierref>
        <position>1</position>
        <new_tab/>
        <indent>0</indent>
        <link_settings_json>null</link_settings_json>
      </item>
    </items>
  </module>
  <module identifier="g0c693e9ccf13797b429a31ab4fe8579b">
    <title>YouTube Test</title>
    <workflow_state>unpublished</workflow_state>
    <position>3</position>
    <require_sequential_progress>false</require_sequential_progress>
    <locked>false</locked>
    <items>
      <item identifier="g626a8b16c6c18a4aceec24abd7a586a5">
        <content_type>ContextExternalTool</content_type>
        <workflow_state>unpublished</workflow_state>
        <title>YouTube</title>
        <identifierref>g09e7de4991b935c537a6172ed0e286ff</identifierref>
        <url>https://www.dj4e.com/mod/youtube/</url>
        <position>1</position>
        <new_tab>true</new_tab>
        <indent>0</indent>
        <link_settings_json>{"selection_width":"","selection_height":""}</link_settings_json>
      </item>
    </items>
  </module>
</modules>
